,modality,mean,ci_upper,ci_lower,test_type
0,graph,0.7549115913555993,0.8358842981772918,0.6690986561783022,wainer
1,table,0.8433382137628112,0.92888501503965,0.7374165043594201,wainer
2,graph,0.6841587405706789,0.7546807324100753,0.6121690586428663,brbf
3,table,0.6907182682846835,0.7576467442227561,0.6149706977763173,brbf
