,modality,mean,ci_upper,ci_lower,test_type
0,graph,0.7549115913555993,0.8329328897650731,0.6638498370352895,wainer
1,table,0.8433382137628112,0.9289906383513445,0.74366550753436,wainer
2,graph,0.6841587405706789,0.7513268701976203,0.61296949521017,brbf
3,table,0.6907182682846835,0.7615556837270964,0.6169536149078051,brbf
