category,mean,ci_upper,ci_lower
value identification,0.710916909418782,0.7660088632979002,0.6503376267305325
arithmetic computation,0.5164081632653061,0.5775682079825266,0.4528202499833079
statistical inference,0.5995478766349104,0.6541470614064933,0.539597609647633
